ips,logins
213.176.54.43,amir_reizy@email.com
45.56.0.57,yisroel_maryam@email.com
47.246.165.148,hunter_keyla@email.com
129.134.90.220,holden_tenzin@email.com
54.239.140.108,noel_ophelia@email.com
38.80.215.198,adeline_omari@email.com
192.23.22.234,ahron_khalil@email.com
207.221.26.208,calvin_allison@email.com
38.16.204.248,shaina_dallas@email.com
162.245.18.227,aileen_alana@email.com
198.241.149.108,linda_derick@email.com
205.182.155.237,jose_william@email.com
194.233.147.44,ariah_adrian@email.com
47.246.124.200,eddy_pierce@email.com
185.214.166.87,kenny_samaira@email.com
107.186.29.103,heavenly_annabel@email.com
103.171.136.233,madeline_abigail@email.com
80.241.170.68,shayan_miracle@email.com
198.97.159.115,brianny_aniyah@email.com
34.189.188.236,jaheim_sonia@email.com
13.106.197.139,yisrael_morris@email.com
192.94.201.78,estelle_rohan@email.com
38.226.70.7,louisa_dalia@email.com
158.69.155.169,javier_paige@email.com
23.54.219.113,michaela_ines@email.com
165.1.109.40,remi_amara@email.com
38.54.208.60,connor_chris@email.com
20.150.23.152,elaine_joaquin@email.com
5.23.27.51,joy_caleb@email.com
142.215.230.199,thomas_safa@email.com
138.186.139.144,zariah_jaylyn@email.com
207.115.122.74,hugo_claire@email.com
48.205.90.251,neil_alexander@email.com
151.191.16.211,august_zayan@email.com
40.126.0.81,kiyan_molly@email.com
69.205.22.185,jaime_diego@email.com
38.117.92.202,lilia_oumar@email.com
52.123.63.15,carmelo_farhan@email.com
8.43.110.162,noor_salome@email.com
45.197.34.207,philip_camden@email.com
192.35.135.14,rivky_hadassah@email.com
192.251.228.1,abdoulaye_amanda@email.com
154.16.39.66,neymar_maksim@email.com
104.253.201.224,elise_giovanny@email.com
172.225.89.240,lennox_nathaly@email.com
104.96.201.135,annika_raizy@email.com
38.220.96.72,farhan_elizabeth@email.com
198.161.239.31,alpha_anna@email.com
206.182.116.62,frimet_kimberly@email.com
156.247.9.104,julien_safa@email.com
45.224.228.158,jimmy_santiago@email.com
139.181.23.100,declan_arisha@email.com
20.33.227.238,miles_serenity@email.com
170.72.243.19,hassan_ada@email.com
38.139.148.119,lyric_omar@email.com
23.155.127.87,chava_marlon@email.com
32.113.233.251,diya_axel@email.com
38.200.88.182,martin_sean@email.com
34.6.68.61,isabel_aaliyah@email.com
198.245.159.153,sophie_joziah@email.com
92.122.103.224,ines_norah@email.com
52.219.176.127,joshua_natalie@email.com
198.180.95.73,summer_nelson@email.com
38.38.226.244,amayah_jolie@email.com
199.175.101.163,zaria_bruno@email.com
206.32.177.184,sadie_kiyan@email.com
161.247.253.49,oumar_khari@email.com
66.46.142.127,jameson_yehuda@email.com
40.95.199.177,mirel_gitty@email.com
216.75.133.52,maliyah_jayson@email.com
172.216.209.241,tabitha_mohammed@email.com
166.63.250.44,jude_vicky@email.com
192.12.186.87,henry_kaylie@email.com
20.95.232.5,izabella_zariah@email.com
216.123.112.165,carmen_alisson@email.com
135.118.237.19,ethan_marina@email.com
194.147.7.0,edwin_eliyahu@email.com
194.58.197.171,roy_jeremias@email.com
38.172.166.233,ilan_abigail@email.com
216.147.2.67,rory_zalmen@email.com
160.88.236.200,anisa_bridget@email.com
8.241.214.116,giada_darius@email.com
174.120.95.125,veronica_hudson@email.com
23.35.155.156,guy_laia@email.com
170.69.179.212,issac_nicolas@email.com
20.150.78.121,reem_mahamadou@email.com
185.118.132.141,zoe_younis@email.com
64.185.240.14,dylan_shiloh@email.com
35.218.102.236,angeline_jaylah@email.com
204.107.16.253,gary_adele@email.com
191.101.119.159,alessandro_zayden@email.com
129.192.129.181,sabrina_liora@email.com
185.38.241.237,kiara_cesar@email.com
203.78.164.170,marina_hareem@email.com
208.175.217.141,meira_abdoulaye@email.com
74.118.98.225,sophia_nora@email.com
184.29.138.89,alisa_walter@email.com
152.135.6.214,emmanuel_finley@email.com
166.1.190.112,everett_lielle@email.com
199.64.57.72,arabella_nosson@email.com
124.208.230.215,nevaeh_franklin@email.com
38.120.223.225,camren_devorah@email.com
40.98.198.52,amir_nelson@email.com
154.3.53.0,hareem_edgar@email.com
71.152.24.107,shifra_carla@email.com
207.47.42.154,ivanna_jimmy@email.com
34.119.210.48,jefferson_laila@email.com
38.206.250.187,arlo_mikayla@email.com
190.61.24.32,sholom_austin@email.com
213.201.183.104,violet_annie@email.com
199.89.65.104,sophia_rayan@email.com
70.41.78.1,ori_zendaya@email.com
64.18.96.223,amanda_annie@email.com
20.159.208.76,seth_yandel@email.com
69.24.182.61,eleanor_anne@email.com
38.89.93.80,oscar_ariella@email.com
165.1.194.181,mariana_aidan@email.com
34.189.19.76,elvis_hanna@email.com
181.214.91.65,mindy_tatiana@email.com
38.206.103.5,albert_aleksandra@email.com
193.162.133.128,jamari_london@email.com
185.13.99.10,julia_yehuda@email.com
205.234.170.57,aminata_samara@email.com
155.63.241.45,aisha_rifka@email.com
38.234.22.140,hillel_aharon@email.com
192.8.194.201,zainab_giselle@email.com
104.216.28.37,johann_litzy@email.com
45.223.28.7,logan_francesca@email.com
104.255.163.73,julianna_bonnie@email.com
23.236.129.112,elliana_abdoul@email.com
74.112.190.44,hafsa_demi@email.com
38.36.154.78,miguel_declan@email.com
190.2.129.211,arely_elaine@email.com
168.87.123.151,brooklyn_kareem@email.com
38.194.34.178,naftuli_tyler@email.com
158.177.88.234,katelynn_leora@email.com
192.142.134.89,yaritza_vihaan@email.com
46.151.197.236,leonardo_lev@email.com
166.98.71.12,franklin_maximilian@email.com
194.31.141.161,ellis_laila@email.com
38.136.7.53,elimelech_sawyer@email.com
54.239.128.65,ayleen_sabrina@email.com
38.122.83.147,jennifer_layla@email.com
38.116.155.164,juan_kimberly@email.com
192.23.49.93,sarai_isabella@email.com
69.10.254.52,chaim_jaylin@email.com
147.242.15.72,briella_erika@email.com
203.82.24.187,ezekiel_isla@email.com
192.237.173.193,delilah_jayson@email.com
38.233.88.244,jada_mikaela@email.com
104.243.187.160,morgan_chesky@email.com
104.227.143.66,judah_jeremy@email.com
206.233.240.198,valeria_menachem@email.com
108.170.197.140,lesly_camilla@email.com
196.198.200.18,sage_alia@email.com
64.227.196.204,jean_scott@email.com
134.73.128.190,nosson_esther@email.com
92.122.102.223,estelle_annabelle@email.com
91.243.95.108,andre_bianca@email.com
67.15.59.241,maliha_ari@email.com
143.223.255.34,shalom_kieran@email.com
158.26.65.132,shloma_jean@email.com
40.92.33.14,marlowe_alex@email.com
38.89.48.117,elian_cristofer@email.com
44.151.58.254,arianna_devora@email.com
155.137.55.204,harrison_damari@email.com
172.190.237.54,michelle_nia@email.com
40.110.40.244,joaquin_myles@email.com
144.57.33.49,chace_maliyah@email.com
119.81.13.75,zion_chany@email.com
185.170.42.165,mira_caroline@email.com
64.121.24.168,willa_sophie@email.com
85.189.2.250,devin_batya@email.com
103.56.87.71,chany_fabian@email.com
193.239.147.19,amiyah_jamir@email.com
198.232.179.214,livia_kacper@email.com
63.222.161.87,jaylin_mikaela@email.com
195.134.250.162,zain_ryder@email.com
149.97.194.24,hugo_sonny@email.com
40.87.31.33,lawrence_harper@email.com
40.96.165.10,nikita_tanisha@email.com
172.94.71.231,moishe_ahmad@email.com
38.136.220.47,jaheim_keyla@email.com
38.217.14.250,batsheva_vivienne@email.com
142.251.141.146,zahara_erick@email.com
192.150.77.183,aisha_anabia@email.com
8.20.123.60,jane_grant@email.com
188.191.252.84,devora_kiera@email.com
5.105.208.60,aimee_sarina@email.com
38.104.250.253,gary_lia@email.com
63.218.163.228,tessa_kelvin@email.com
67.202.148.142,armani_amadou@email.com
199.12.249.224,giuseppe_ayelet@email.com
192.105.158.150,jimena_brucha@email.com
102.165.33.209,cristian_christine@email.com
161.156.70.125,jesse_adonis@email.com
173.246.57.241,cataleya_taliyah@email.com
52.110.116.35,ruby_ahron@email.com
38.195.147.251,greyson_gideon@email.com
38.199.44.190,darwin_julian@email.com
38.133.73.15,moishe_nalani@email.com
193.233.117.173,angie_emely@email.com
34.6.159.142,eluzer_pedro@email.com
104.156.178.187,everett_fanta@email.com
38.24.30.77,lesly_neil@email.com
163.242.87.234,stanley_avi@email.com
89.45.224.245,raul_luna@email.com
17.76.64.85,rayyan_leonel@email.com
128.1.111.213,alaia_alessandra@email.com
69.44.65.169,luka_aryan@email.com
45.80.157.156,alaia_zaria@email.com
38.212.9.96,luka_anthony@email.com
5.157.139.37,chesky_khari@email.com
70.84.230.45,danielle_avril@email.com
215.65.117.109,ada_nayeli@email.com
192.156.177.20,zuri_sylvie@email.com
20.95.247.95,logan_michelle@email.com
38.28.38.188,grey_rhys@email.com
38.118.181.99,mckenzie_naomi@email.com
45.155.66.6,francesco_sloane@email.com
192.211.83.244,ashley_donovan@email.com
192.31.179.220,zissy_madelyn@email.com
198.208.250.78,inaaya_kailey@email.com
104.95.139.106,chana_cyrus@email.com
172.106.227.156,yehuda_isabel@email.com
38.78.178.102,selim_rohaan@email.com
216.171.94.134,yisrael_abel@email.com
104.64.135.237,keily_liam@email.com
137.134.73.159,tabitha_felix@email.com
38.136.153.35,queenie_marisol@email.com
154.3.251.244,shifra_preston@email.com
206.233.245.75,lea_beatrice@email.com
67.29.35.172,connor_moussa@email.com
34.5.95.224,finn_lev@email.com
156.146.47.95,harper_tzirel@email.com
185.230.229.135,saul_fiona@email.com
188.227.198.31,myles_kathryn@email.com
192.184.50.237,francesca_breindy@email.com
192.251.8.134,barbara_shloime@email.com
23.186.53.248,zaire_yakov@email.com
50.21.120.172,sherry_matias@email.com
74.81.147.3,perl_kymani@email.com
34.3.98.86,zendaya_wolf@email.com
203.78.161.52,mariam_andre@email.com
104.133.99.117,natalia_zev@email.com
38.223.121.24,john_vivian@email.com
192.159.110.164,caitlin_morgan@email.com
204.239.11.42,dana_charlotte@email.com
149.26.94.186,stephen_ryder@email.com
4.199.140.92,aayat_andy@email.com
208.123.221.25,reizy_rifka@email.com
206.54.174.109,griffin_tianna@email.com
63.221.28.52,lyric_damien@email.com
38.117.64.87,yitzchok_giselle@email.com
154.26.28.11,edward_maximiliano@email.com
38.119.27.188,rocco_zane@email.com
196.59.95.232,ingrid_sariah@email.com
192.28.141.1,gittel_abel@email.com
193.5.144.206,rivka_ibrahima@email.com
163.5.111.153,antonia_santino@email.com
192.172.238.121,vanessa_skylah@email.com
104.88.125.64,kenzie_selena@email.com
216.245.30.139,sholom_nayla@email.com
158.120.170.224,guy_chelsea@email.com
38.96.113.69,gianna_aidan@email.com
212.63.179.132,princess_jenna@email.com
38.187.34.224,khadija_kali@email.com
45.114.241.181,esme_hana@email.com
20.33.105.56,ibrahima_kayleen@email.com
91.132.161.151,elaine_micah@email.com
137.83.155.123,maimouna_sylvia@email.com
23.188.106.2,zoey_fradel@email.com
40.110.216.78,anton_erik@email.com
69.197.71.231,luna_chesky@email.com
206.126.111.53,shayla_maximo@email.com
205.160.98.178,samir_luna@email.com
92.119.41.167,miles_nicolette@email.com
38.175.86.194,lucian_arjun@email.com
129.42.52.244,carter_shayaan@email.com
192.255.74.187,nathalie_jamie@email.com
35.229.4.169,ricky_alejandra@email.com
45.13.65.162,brayan_janiyah@email.com
138.23.37.163,brucha_marielle@email.com
206.183.112.198,analia_pedro@email.com
150.171.220.99,keira_lucas@email.com
159.8.157.242,amar'e_naomi@email.com
23.217.219.228,miguel_grant@email.com
192.122.147.28,ameer_ayanna@email.com
69.205.24.146,estelle_jazlyn@email.com
104.118.95.74,pearl_hanna@email.com
38.184.155.172,athena_nicolette@email.com
136.228.181.223,leila_carmen@email.com
185.63.18.177,grey_kayleigh@email.com
14.0.79.192,nahla_kingsley@email.com
134.73.120.169,nico_adelaide@email.com
24.149.196.121,damani_mario@email.com
64.49.210.240,brandon_elimelech@email.com
34.191.187.245,rebecca_shloimy@email.com
172.68.129.201,amirjon_leila@email.com
54.182.224.154,damien_karter@email.com
128.1.89.31,libby_moishe@email.com
38.0.224.38,rachel_claire@email.com
142.148.155.203,sonia_jia@email.com
193.46.74.91,colette_ilana@email.com
38.150.164.14,giovanny_abdoul@email.com
146.84.65.217,dalia_montserrat@email.com
192.99.97.42,giulia_elimelech@email.com
146.170.23.217,natalia_josef@email.com
43.152.138.49,harper_antonio@email.com
67.158.63.143,nathalie_maite@email.com
202.129.243.78,leo_hareem@email.com
38.245.85.75,catherine_cindy@email.com
38.72.167.188,diana_alonso@email.com
38.94.207.156,henry_allison@email.com
198.93.96.229,brynn_alisson@email.com
38.112.104.255,rohan_natasha@email.com
103.99.32.130,alexis_ari@email.com
208.111.43.60,queena_noa@email.com
38.208.96.110,lindsay_junior@email.com
38.78.83.240,eluzer_josue@email.com
184.175.98.250,king_alexia@email.com
46.227.45.196,pessy_aiza@email.com
162.74.185.116,alvin_lara@email.com
23.32.73.153,winnie_muhammad@email.com
195.81.39.104,angela_zendaya@email.com
5.157.139.24,anaya_adriel@email.com
66.178.42.233,eliza_shirley@email.com
216.170.125.255,vincent_amia@email.com
32.116.88.115,alex_gavin@email.com
104.213.86.159,sofia_dovid@email.com
38.3.208.42,yida_shmuel@email.com
150.211.125.186,ezriel_cynthia@email.com
93.123.117.86,louisa_aahil@email.com
23.67.59.189,amir_kayla@email.com
74.125.9.176,terry_giovanny@email.com
34.3.159.213,lena_frederick@email.com
52.219.178.9,rayan_jael@email.com
94.26.44.79,ahmad_camila@email.com
38.24.23.115,layla_alani@email.com
104.70.173.142,edwin_tzippy@email.com
141.160.90.167,noam_jannat@email.com
108.170.49.43,amani_maximilian@email.com
38.255.115.1,melina_zayden@email.com
170.126.252.1,alma_remy@email.com
216.98.111.46,simon_isiah@email.com
20.38.234.212,kayleigh_sammy@email.com
52.110.27.242,judah_natasha@email.com
38.139.216.218,riley_ayden@email.com
45.57.108.210,giovanna_batya@email.com
192.86.216.169,antonella_landon@email.com
172.68.202.87,shloime_alma@email.com
198.184.233.191,christian_jaxon@email.com
20.157.99.105,zaria_yossi@email.com
184.120.54.195,louise_skylah@email.com
210.247.238.194,liora_adan@email.com
192.84.29.199,hailey_denis@email.com
38.243.68.186,lielle_basya@email.com
40.103.10.83,eli_eric@email.com
204.157.133.113,marcos_rachel@email.com
192.150.247.11,nathaly_malka@email.com
109.205.13.67,jamari_travis@email.com
23.230.11.200,ayden_ruby@email.com
52.85.63.38,ezekiel_xin@email.com
38.190.40.194,mushka_devora@email.com
38.15.140.110,yechezkel_jaelyn@email.com
108.160.217.55,rafael_laura@email.com
159.18.49.17,andrew_brucha@email.com
144.169.145.126,esmeralda_shlomo@email.com
38.122.61.88,sara_emma@email.com
141.226.124.51,symphony_goldy@email.com
161.156.246.151,derick_sammy@email.com
23.249.170.101,paige_pablo@email.com
23.203.147.236,ibrahim_amare@email.com
192.142.31.208,ruth_erica@email.com
38.137.187.108,selina_janelle@email.com
148.5.81.214,kamari_mustafa@email.com
38.84.104.122,jared_camille@email.com
134.159.17.221,janae_oscar@email.com
150.105.81.209,ayesha_jamel@email.com
136.237.2.233,dean_patrick@email.com
65.55.82.95,farah_jace@email.com
104.223.197.130,kaylie_noemi@email.com
46.34.43.169,yassin_josiah@email.com
64.28.190.173,emmanuella_leon@email.com
150.171.161.49,shevy_tina@email.com
38.210.95.240,eleanor_shayan@email.com
208.217.38.157,ruben_ezra@email.com
62.115.42.86,tatiana_nechama@email.com
63.217.88.222,brenda_olivia@email.com
23.217.131.87,jacqueline_jalen@email.com
184.173.112.21,yida_angelique@email.com
23.57.135.2,pinchas_penelope@email.com
45.147.62.60,devoiry_damian@email.com
38.27.43.201,judy_tori@email.com
181.215.23.9,jimena_ameer@email.com
198.104.179.181,zain_chesky@email.com
170.83.235.249,alexa_drew@email.com
67.151.212.33,yitzchok_sienna@email.com
138.199.2.161,brody_george@email.com
205.209.28.153,james_jayla@email.com
109.94.218.132,marcus_milena@email.com
34.191.164.0,iker_ruby@email.com
38.187.222.58,alyson_mauricio@email.com
104.79.77.144,river_wesley@email.com
207.94.142.15,damon_frank@email.com
16.1.179.171,amira_serena@email.com
23.77.221.108,shoshana_nusrat@email.com
192.150.253.153,frances_holden@email.com
52.173.119.14,angus_brigitte@email.com
134.170.148.234,emilio_melania@email.com
134.37.10.107,jefferson_derick@email.com
38.254.46.47,pearl_erik@email.com
104.28.222.87,denzel_kailani@email.com
195.176.138.131,peyton_kiara@email.com
38.204.10.53,dahlia_angeline@email.com
17.253.26.35,vicky_vivienne@email.com
162.33.127.96,cooper_esther@email.com
23.61.248.249,antonia_oumou@email.com
172.230.39.170,abdulloh_yael@email.com
66.81.247.193,jayson_pedro@email.com
66.178.128.54,alessandro_lina@email.com
38.167.135.216,yanky_aiden@email.com
174.143.55.76,stephanie_david@email.com
104.106.217.177,malak_bonnie@email.com
38.162.252.175,fatima_vincenzo@email.com
51.172.18.104,noam_yidel@email.com
208.36.225.179,freddy_samuel@email.com
20.143.216.88,sharon_allan@email.com
150.222.106.122,amira_natalie@email.com
38.27.228.37,yael_meilech@email.com
104.132.34.74,adalynn_aarav@email.com
156.235.2.166,jacqueline_cesar@email.com
104.118.204.107,bennett_alonso@email.com
149.18.97.245,benjamin_josephine@email.com
208.70.201.63,elianny_kaiden@email.com
38.90.104.231,meir_lianna@email.com
185.211.98.67,victoria_julien@email.com
52.94.144.153,raphael_cassandra@email.com
44.135.172.23,helen_ximena@email.com
5.183.178.186,giovanny_itzel@email.com
38.51.146.125,alexia_nathalia@email.com
139.104.100.120,niam_chanie@email.com
51.117.173.66,dalia_dashiell@email.com
38.232.242.155,harrison_jack@email.com
38.204.205.12,savannah_scarlet@email.com
199.244.111.229,kristian_kassandra@email.com
89.187.171.92,reuben_yamileth@email.com
130.207.175.29,camille_renata@email.com
167.82.138.105,sheldon_alec@email.com
38.220.189.116,ronald_arian@email.com
52.223.35.139,shayla_evan@email.com
5.105.19.149,raizy_bradley@email.com
4.178.171.71,delilah_rachel@email.com
204.173.105.249,dion_russell@email.com
139.181.38.57,grace_jessica@email.com
198.54.82.197,zane_adalynn@email.com
35.218.158.249,george_hindy@email.com
192.227.148.35,maximilian_yehuda@email.com
104.156.159.172,elliott_salvatore@email.com
172.225.143.161,aarya_aditya@email.com
198.54.200.193,ayesha_kamiyah@email.com
17.76.139.138,nia_rylee@email.com
74.163.108.238,cristopher_aniya@email.com
209.16.181.174,nicolas_tianna@email.com
144.217.147.221,moussa_kira@email.com
117.121.245.31,shayla_dominick@email.com
20.57.1.104,liana_faigy@email.com
213.39.12.96,emma_katelynn@email.com
74.205.81.76,jasiah_devorah@email.com
40.111.5.224,kamiyah_keily@email.com
38.243.230.162,emmanuel_dayana@email.com
40.100.92.143,sawyer_justin@email.com
208.51.54.107,luka_zaniyah@email.com
173.213.77.159,naftuli_addison@email.com
148.72.118.154,arden_alec@email.com
131.187.108.70,anton_arielle@email.com
154.16.101.74,amir_tomas@email.com
104.234.106.220,timothy_carmelo@email.com
169.45.220.255,silas_madina@email.com
23.207.252.100,luca_chloe@email.com
209.153.27.37,zain_marie@email.com
66.197.227.188,batya_parker@email.com
4.203.216.119,henry_yandel@email.com
108.162.245.154,naftuli_kylie@email.com
104.133.86.159,jordi_meir@email.com
64.71.143.54,ella_aliah@email.com
69.20.27.240,ruben_russell@email.com
132.245.130.44,bowen_jasiah@email.com
104.79.8.56,fernando_benson@email.com
38.8.9.222,carter_lianna@email.com
17.92.182.191,amari_kenny@email.com
37.140.222.135,paige_avigail@email.com
35.239.231.47,megan_skyla@email.com
192.243.71.176,stephanie_tziporah@email.com
135.129.255.163,adyan_brucha@email.com
164.128.67.240,byron_kori@email.com
34.112.207.1,perl_matilda@email.com
192.224.244.53,angus_zane@email.com
38.22.226.19,harper_ahuva@email.com
72.246.164.52,saniyah_lana@email.com
166.88.92.80,awa_conor@email.com
72.155.87.78,dashiell_noel@email.com
185.197.30.248,daphne_fatoumata@email.com
185.208.158.7,marlon_raya@email.com
132.250.127.99,leilani_avigail@email.com
206.3.78.139,tehila_grayson@email.com
118.159.115.80,krish_reuven@email.com
216.123.114.68,adriana_nathan@email.com
38.249.111.87,rayyan_cormac@email.com
154.86.2.192,josie_annika@email.com
142.251.236.195,raizel_eve@email.com
146.19.20.54,kaleb_jannat@email.com
91.241.15.197,gia_jermaine@email.com
34.119.109.242,renee_salma@email.com
192.229.219.78,sapphire_brittany@email.com
110.238.210.222,krish_nathalie@email.com
132.245.140.167,rohan_naftali@email.com
103.78.123.145,bryanna_fishel@email.com
34.3.248.14,luca_alpha@email.com
147.75.129.72,zahir_kylee@email.com
129.221.8.12,avril_noam@email.com
20.159.95.65,safa_hanna@email.com
20.152.167.185,abdiel_libby@email.com
174.143.62.194,joel_burech@email.com
160.101.24.19,ruth_george@email.com
158.41.23.219,richard_heaven@email.com
38.199.101.245,arya_eva@email.com
185.161.64.39,arely_alisson@email.com
8.248.240.193,erik_tony@email.com
208.169.102.110,ivan_mckenzie@email.com
104.126.33.19,diego_ismael@email.com
54.231.142.162,amara_angelo@email.com
154.6.125.62,allyson_holden@email.com
206.221.214.176,jessie_adriel@email.com
168.235.173.242,madeleine_simi@email.com
167.167.155.249,sherlyn_aarav@email.com
169.57.205.241,zahra_silas@email.com
192.58.224.15,hersh_shaul@email.com
113.29.47.39,stacey_menucha@email.com
192.48.241.165,mateo_kiyan@email.com
23.52.72.136,connor_jaden@email.com
38.38.216.111,alondra_adalynn@email.com
34.4.17.82,bonnie_elsa@email.com
148.163.179.193,kathryn_eason@email.com
204.55.144.184,edward_chase@email.com
109.71.164.76,aissatou_matilda@email.com
181.215.33.134,reese_jean@email.com
147.243.14.70,adan_zion@email.com
210.247.223.193,lesly_simi@email.com
52.234.145.143,frederick_marina@email.com
206.124.9.45,camren_naftali@email.com
38.241.89.170,moses_gael@email.com
169.54.79.57,kieran_dana@email.com
192.104.162.26,samir_dwayne@email.com
38.203.85.240,berish_ben@email.com
44.151.30.102,zahara_edith@email.com
128.90.4.21,nevaeh_dereck@email.com
192.195.67.54,rachel_zaiden@email.com
38.167.73.122,montserrat_malika@email.com
206.92.164.89,harper_adiel@email.com
67.230.88.180,sanaa_marilyn@email.com
20.158.118.55,crosby_aiden@email.com
185.173.120.227,greta_lionel@email.com
66.46.248.236,elisa_inaya@email.com
216.7.47.105,lyric_leonidas@email.com
208.30.94.245,alejandro_zaria@email.com
108.62.177.128,keily_bridget@email.com
85.133.236.168,edwin_allyson@email.com
23.137.15.121,milana_mekhi@email.com
84.239.27.59,callie_nahla@email.com
70.38.111.67,rifka_griffin@email.com
216.6.74.110,hailey_maddox@email.com
171.162.19.177,dahlia_daisy@email.com
69.174.30.171,gabrielle_evangeline@email.com
35.218.208.24,tziporah_shulem@email.com
192.42.101.211,terry_deborah@email.com
162.120.151.230,wolf_alan@email.com
23.139.132.223,sydney_connor@email.com
144.192.117.181,miri_scarlett@email.com
169.48.2.203,elliot_jayda@email.com
38.160.31.155,mia_ian@email.com
57.140.109.143,lila_marcel@email.com
209.146.161.220,lyric_byron@email.com
181.215.224.248,matilda_erik@email.com
4.249.8.98,faigy_lucille@email.com
38.202.43.243,atticus_yariel@email.com
207.210.164.233,emmanuel_hunter@email.com
162.43.144.98,cheskel_brian@email.com
38.132.245.202,isaiah_amina@email.com
23.14.152.12,nicolas_nuchem@email.com
74.163.124.236,derek_janelle@email.com
206.86.19.236,calvin_bryanna@email.com
38.43.84.115,noam_chavy@email.com
74.216.219.173,anton_akiva@email.com
50.117.74.86,moises_jaxson@email.com
193.108.154.27,isabela_abrar@email.com
18.244.248.117,brianna_sami@email.com
104.160.249.216,jaylin_reed@email.com
67.40.58.98,sury_aleksandra@email.com
206.89.159.41,nadia_andre@email.com
146.152.38.120,baila_isaac@email.com
148.59.60.138,parker_aileen@email.com
5.157.0.182,angelo_abby@email.com
23.159.255.82,claudia_amelia@email.com
32.117.121.157,prince_libby@email.com
17.91.68.24,chana_hashim@email.com
141.164.91.101,aisha_celeste@email.com
64.47.226.89,declan_rocco@email.com
45.139.38.205,faigy_katie@email.com
52.120.153.195,arthur_pinchus@email.com
5.180.194.207,santino_elise@email.com
192.207.32.102,tatiana_andrea@email.com
104.102.186.75,fanta_arjun@email.com
143.157.45.77,anaya_adam@email.com
170.194.124.217,alice_yesenia@email.com
134.191.205.210,shaina_kehlani@email.com
192.146.130.223,batya_malcolm@email.com
52.125.7.7,perla_camila@email.com
74.205.16.40,arjun_frederick@email.com
38.90.82.40,maurice_carlos@email.com
206.73.45.221,baruch_linda@email.com
34.4.108.53,janiyah_luke@email.com
165.125.184.163,jane_vanessa@email.com
65.9.15.28,catalina_zoe@email.com
104.118.104.232,wilson_asher@email.com
63.221.184.196,orion_michael@email.com
65.58.49.17,erin_nachman@email.com
45.39.42.84,avigail_cyrus@email.com
38.22.234.85,devory_md@email.com
8.246.136.76,orlando_amari@email.com
206.88.174.194,kassandra_yariel@email.com
142.105.84.240,youssef_alejandro@email.com
202.43.217.83,erick_nathanael@email.com
63.175.177.7,owen_nikolai@email.com
166.0.79.137,amadou_alexander@email.com
157.59.67.40,pamela_sherlyn@email.com
38.228.24.82,scarlett_alfredo@email.com
158.176.119.185,mira_tamar@email.com
196.19.166.25,gerardo_brayan@email.com
38.168.55.205,abrielle_kyla@email.com
209.108.200.104,aniya_elena@email.com
38.128.40.193,jasiah_laura@email.com
69.20.51.238,nevaeh_jaime@email.com
13.33.160.119,emely_derek@email.com
85.120.228.240,queenie_caleb@email.com
82.118.65.249,zakaria_kiara@email.com
213.147.94.56,clara_arthur@email.com
193.30.35.182,june_carmine@email.com
69.94.76.19,chelsea_laura@email.com
129.179.95.183,gianni_hashim@email.com
66.178.61.231,nikita_emmeline@email.com
38.38.183.39,sasha_gerardo@email.com
75.104.176.27,ariel_solomon@email.com
38.17.208.179,camilo_daria@email.com
66.152.163.201,lipa_addison@email.com
209.146.167.116,marilyn_darren@email.com
89.117.30.59,cheyenne_cassidy@email.com
23.207.225.208,idy_ilan@email.com
104.254.228.175,sincere_mahamadou@email.com
69.168.235.147,olive_miah@email.com
71.19.234.17,arleth_angelique@email.com
130.36.165.123,moishe_hanna@email.com
34.113.107.61,bentzion_diana@email.com
208.87.176.196,lucian_musa@email.com
165.225.119.38,jenny_axel@email.com
38.200.99.25,allison_kieran@email.com
23.5.211.135,julius_shira@email.com
104.76.154.227,shirley_amelie@email.com
34.191.102.17,mathias_simcha@email.com
172.81.114.3,shloimy_isabela@email.com
38.187.64.181,roman_nathalia@email.com
164.120.249.37,zaire_justice@email.com
170.37.231.170,selena_damian@email.com
38.222.8.222,blima_rena@email.com
104.85.49.168,nicole_ellis@email.com
65.225.152.212,chris_talia@email.com
192.219.219.122,aimee_ali@email.com
72.19.22.181,hayley_katherine@email.com
154.49.209.94,julian_scarlet@email.com
185.90.218.228,janiyah_evelyn@email.com
89.23.92.16,samara_marvin@email.com
157.30.20.213,adeline_shloimy@email.com
75.125.37.218,lara_goldy@email.com
198.163.95.129,major_michael@email.com
144.58.216.96,lazer_edith@email.com
66.48.85.248,jamie_chana@email.com
151.101.147.38,brady_faigy@email.com
24.102.253.216,ariyah_simi@email.com
64.239.54.46,brayden_ronald@email.com
38.203.113.47,frank_camilo@email.com
38.116.195.82,brielle_sekou@email.com
104.134.105.253,elijah_kamren@email.com
57.78.249.253,tzirel_mason@email.com
34.191.157.18,salma_ilan@email.com
192.135.67.154,peter_egypt@email.com
34.114.144.100,shane_kaylee@email.com
148.164.61.13,harper_khadijah@email.com
45.140.174.77,winter_edwin@email.com
69.89.33.107,julie_kaia@email.com
212.111.220.240,michaela_litzy@email.com
38.123.54.102,shoshana_mia@email.com
64.12.149.132,annabelle_james@email.com
188.209.138.113,milagros_chad@email.com
194.195.93.19,aden_aidan@email.com
216.13.191.90,ahmad_benjamin@email.com
16.76.231.191,diya_sylvia@email.com
91.220.203.193,heaven_bruce@email.com
128.81.2.165,pedro_damaris@email.com
46.3.202.237,luka_meshilem@email.com
194.120.0.234,chava_alexia@email.com
8.34.255.133,taliyah_goldy@email.com
198.36.94.91,samantha_aden@email.com
8.241.6.169,erica_sebastian@email.com
34.7.186.1,fernando_angelo@email.com
104.70.121.219,raizy_johnathan@email.com
34.188.201.5,baruch_grayson@email.com
38.139.214.53,rihanna_imani@email.com
164.128.206.136,blessing_sophia@email.com
104.108.24.139,sylvia_derrick@email.com
166.88.88.237,miah_liora@email.com
62.115.147.112,arianna_elle@email.com
38.30.203.196,janiel_jenna@email.com
85.153.32.142,baila_mikayla@email.com
45.57.222.209,josue_annalise@email.com
40.93.146.254,faigy_carla@email.com
38.24.209.158,sloane_bianca@email.com
63.222.43.194,tyler_derrick@email.com
40.105.28.215,amira_reuven@email.com
206.7.28.223,millie_cole@email.com
188.227.106.196,nailah_ayleen@email.com
154.50.28.58,avrum_thomas@email.com
198.249.114.55,reese_alondra@email.com
193.163.192.191,skyler_jael@email.com
38.194.145.54,avrum_keyla@email.com
204.12.174.199,elle_arielle@email.com
45.95.209.183,crosby_diego@email.com
108.171.223.26,payton_oskar@email.com
185.144.157.10,veer_raphael@email.com
204.125.230.3,antonio_marjorie@email.com
155.26.51.140,leslie_camren@email.com
204.240.156.104,frank_aria@email.com
134.170.255.152,bella_julien@email.com
80.157.8.216,april_aicha@email.com
200.80.12.74,alexis_emiliano@email.com
185.202.102.199,raizy_michael@email.com
172.252.230.70,rifka_lenny@email.com
38.155.129.151,veronica_colette@email.com
209.47.5.185,mya_januel@email.com
159.89.187.43,saint_ilan@email.com
216.13.213.119,raizel_francesca@email.com
74.125.156.44,andres_gabriella@email.com
185.67.137.252,ruby_amadou@email.com
23.76.53.18,anastasia_yassin@email.com
157.191.145.225,jean_amirah@email.com
185.136.47.57,winnie_rosa@email.com
146.218.222.29,hershy_nechama@email.com
52.123.108.227,jace_matteo@email.com
185.4.225.40,ahron_elijah@email.com
136.239.124.64,gabriela_joy@email.com
162.33.182.73,frank_edison@email.com
199.167.125.11,christian_serafina@email.com
34.109.190.245,elodie_charlie@email.com
185.83.156.55,hao_rihanna@email.com
135.136.152.168,thomas_elliott@email.com
38.73.220.203,brianny_marco@email.com
66.198.164.64,victoria_zhuri@email.com
192.27.111.51,allison_batya@email.com
158.51.114.244,marina_dulce@email.com
192.197.156.207,aissatou_kaia@email.com
5.105.247.152,sky_maximus@email.com
40.105.184.137,kelvin_amir@email.com
38.200.181.248,clementine_june@email.com
163.197.62.228,brenda_samara@email.com
169.48.209.100,keith_remy@email.com
38.88.167.249,lucas_tzirel@email.com
172.106.140.241,dahlia_wesley@email.com
32.73.254.188,andy_dina@email.com
139.45.162.15,teagan_ishmael@email.com
85.209.43.88,willa_anabella@email.com
172.111.237.248,luke_bruce@email.com
154.210.108.122,sury_julius@email.com
34.115.45.181,elizabeth_yocheved@email.com
52.102.72.195,lukas_terrence@email.com
20.35.163.52,brittany_melanie@email.com
38.117.64.231,zion_elianny@email.com
38.208.114.248,junior_madeline@email.com
192.135.174.36,sunny_joy@email.com
38.114.38.70,lydia_salome@email.com
23.56.80.190,stefan_angeline@email.com
4.126.8.178,pinchus_sarai@email.com
159.203.171.182,hafsa_theodore@email.com
34.114.109.196,crystal_kaylee@email.com
138.167.248.60,johanna_siena@email.com
194.148.254.66,britney_rehan@email.com
38.228.81.206,amy_cristopher@email.com
172.107.228.10,tina_viktor@email.com
192.100.47.39,alexa_johnny@email.com
38.143.124.214,esmeralda_anya@email.com
65.153.135.2,tanisha_keyla@email.com
173.194.38.188,travis_brooks@email.com
38.176.7.18,archer_matthew@email.com
17.67.208.12,yehoshua_elizabeth@email.com
31.220.14.35,max_liyana@email.com
38.112.23.71,natasha_yassin@email.com
203.109.62.31,liba_veer@email.com
142.133.188.16,aaliyah_shawn@email.com
70.132.54.125,maximus_nikolas@email.com
206.204.109.44,cesar_camren@email.com
34.119.96.46,allison_kaya@email.com
192.5.127.247,uriel_arely@email.com
34.114.35.33,mendel_gabriela@email.com
209.82.66.89,leah_pamela@email.com
198.50.97.53,salma_sarah@email.com
156.248.67.93,pamela_frimet@email.com
192.190.138.25,abraham_juan@email.com
34.7.201.37,cameron_luke@email.com
144.232.34.104,aiden_noel@email.com
168.179.17.234,grace_juliette@email.com
38.186.234.5,melody_fabian@email.com
129.36.207.48,victoria_elvis@email.com
140.99.87.43,quincy_cameron@email.com
169.57.133.53,myles_yechezkel@email.com
38.30.108.231,paris_aissatou@email.com
64.39.235.108,yida_mariam@email.com
162.43.154.229,idy_weston@email.com
138.74.223.229,mario_tori@email.com
192.142.69.80,kyro_lena@email.com
45.250.163.81,carlos_charles@email.com
165.89.251.44,faigy_arisha@email.com
23.225.251.56,adam_nehemiah@email.com
38.202.140.246,louise_cristofer@email.com
4.204.8.111,kaylin_tzippy@email.com
192.48.254.202,luciana_dylan@email.com
149.82.68.195,rosa_catherine@email.com
164.158.48.133,anisa_eleni@email.com
146.152.229.83,adele_ariel@email.com
154.29.11.189,shloimy_kaliyah@email.com
161.47.40.205,keira_yakov@email.com
185.227.132.104,yousef_amalia@email.com
190.60.176.116,river_ivaan@email.com
204.240.197.89,charlie_noel@email.com
34.191.152.198,selim_toby@email.com
208.81.48.123,nolan_eve@email.com
192.142.12.167,emmanuel_ronan@email.com
34.7.110.86,sharon_rivky@email.com
212.192.29.39,carmine_bethany@email.com
159.18.243.136,aryan_elena@email.com
15.116.156.107,catalina_lina@email.com
38.161.212.109,elise_ezriel@email.com
38.183.111.115,henry_amber@email.com
50.24.141.225,gabriella_anabia@email.com
38.8.200.20,nechama_jencarlos@email.com
40.102.160.174,melissa_reed@email.com
38.236.93.66,yesenia_anderson@email.com
23.11.33.1,timothy_roizy@email.com
152.195.185.199,christian_zaniyah@email.com
155.190.208.97,damari_elliott@email.com
160.119.72.133,madison_egypt@email.com
38.216.1.218,rayyan_meshilem@email.com
206.41.99.75,saul_aryeh@email.com
208.70.234.104,josue_georgia@email.com
206.223.244.220,lamar_nia@email.com
185.203.87.146,xavier_leia@email.com
68.154.236.161,julia_wilson@email.com
207.139.82.150,ruchel_brian@email.com
77.234.46.199,mariam_londyn@email.com
142.93.115.167,jean_theodora@email.com
193.5.125.245,zissy_priscilla@email.com
38.122.150.42,jaxon_ana@email.com
161.151.93.235,anayah_yaseen@email.com
169.62.68.62,amy_arlette@email.com
5.153.232.139,naftali_brady@email.com
137.83.183.209,yakov_aron@email.com
38.243.25.228,fiona_brody@email.com
170.244.147.49,jayla_dalia@email.com
62.122.185.138,ryder_eunice@email.com
18.64.164.62,jaylin_yusuf@email.com
38.234.47.216,aiza_rocco@email.com
38.235.19.9,chany_hayley@email.com
74.52.130.217,boruch_atticus@email.com
199.194.130.59,angela_nadia@email.com
38.17.9.16,henny_mckenzie@email.com
104.133.177.235,aniyah_kenzie@email.com
204.31.77.245,misael_khaleesi@email.com
204.243.107.137,bruchy_rebecca@email.com
199.43.11.211,claire_carmine@email.com
45.15.160.243,jefferson_kailey@email.com
167.167.167.191,scarlet_graham@email.com
38.136.119.5,benzion_leah@email.com
131.196.55.115,neymar_catalina@email.com
38.226.221.146,valentin_giulia@email.com
38.255.214.75,diego_mohamed@email.com
45.78.1.140,wynter_sarai@email.com
216.191.108.170,solomon_esme@email.com
64.119.21.155,reid_rosie@email.com
192.224.213.180,kenya_helen@email.com
192.145.116.96,ameer_mohammed@email.com
38.5.232.240,gael_kennedi@email.com
20.33.98.203,lana_malachi@email.com
65.38.48.9,fatima_alejandro@email.com
198.20.170.206,jaslyn_elvis@email.com
38.236.206.153,clark_kailey@email.com
192.193.178.110,taliyah_diego@email.com
32.60.109.26,shimon_hunter@email.com
34.112.15.224,saint_camille@email.com
146.184.166.82,emery_karter@email.com
23.50.127.3,bradley_shaina@email.com
23.52.183.15,enrique_blake@email.com
164.128.67.103,julien_alexia@email.com
38.105.37.238,tatiana_marcos@email.com
140.242.225.188,aviva_raya@email.com
208.99.75.204,shloimy_chris@email.com
64.49.197.138,nosson_aleena@email.com
41.194.50.203,hersh_shreya@email.com
204.63.32.117,jaylen_annabella@email.com
34.107.238.53,queenie_nailah@email.com
40.111.90.60,aron_sekou@email.com
168.125.185.247,audrey_kayla@email.com
20.209.125.116,molly_malak@email.com
63.216.163.251,avril_lenny@email.com
134.46.18.89,tatiana_jaslene@email.com
68.69.186.135,fraidy_kelly@email.com
34.119.56.211,jonas_xavier@email.com
216.113.144.1,adiel_kyle@email.com
23.192.111.241,ronaldo_lucille@email.com
144.208.234.247,kylie_nasir@email.com
34.189.8.68,maximilian_jana@email.com
46.22.64.103,kevin_neymar@email.com
157.57.206.159,yossi_jamari@email.com
194.117.101.157,chanel_saige@email.com
62.108.158.145,goldie_winnie@email.com
68.66.10.176,josiah_thomas@email.com
184.10.70.142,dominic_yitzchok@email.com
198.73.24.132,iymona_jenny@email.com
207.53.251.131,roy_shloma@email.com
23.182.185.202,royce_joanna@email.com
50.2.90.224,ahuva_fiona@email.com
17.234.176.250,lilah_sholom@email.com
67.119.15.36,lydia_binyamin@email.com
104.73.185.243,princess_moussa@email.com
113.192.1.222,mina_nicolas@email.com
159.148.167.26,faiga_ahuva@email.com
38.129.93.137,dillon_jayleen@email.com
54.240.158.155,daniel_sevyn@email.com
38.113.37.207,oren_rohan@email.com
17.87.143.14,johanna_skylah@email.com
181.177.64.4,khadijah_adalynn@email.com
172.111.174.93,ilan_dariel@email.com
63.140.58.211,ava_zoey@email.com
212.243.31.226,emilia_liba@email.com
82.116.131.157,rehan_adriana@email.com
23.205.126.225,raina_lia@email.com
63.216.31.243,jonas_king@email.com
185.28.71.190,jada_quincy@email.com
66.85.9.121,donovan_richard@email.com
104.134.153.185,emma_hoorain@email.com
38.156.180.127,shayna_kyle@email.com
137.16.195.173,bruno_travis@email.com
20.153.143.148,sanaa_caleb@email.com
23.44.216.217,bennett_avigail@email.com
104.87.112.164,dilan_sariah@email.com
166.86.128.25,yamileth_isabella@email.com
104.147.224.215,celeste_nicholas@email.com
45.60.206.229,jencarlos_jimena@email.com
38.235.61.232,shawn_noemi@email.com
104.124.45.141,hadassah_roman@email.com
34.190.110.51,adriana_noel@email.com
185.148.12.112,stanley_yair@email.com
206.190.241.205,bianca_brayan@email.com
181.215.33.59,harry_ambar@email.com
204.174.224.220,yisroel_hao@email.com
216.234.247.6,kendra_aliza@email.com
89.117.96.109,tahmid_jariel@email.com
52.46.191.218,arthur_eric@email.com
160.19.185.34,menachem_benjamin@email.com
104.216.129.67,roy_phoebe@email.com
20.30.117.132,elvin_beckett@email.com
38.119.2.165,corey_camren@email.com
74.216.32.210,shane_lawrence@email.com
154.16.54.65,bentzion_brayden@email.com
44.63.247.246,gianna_janice@email.com
142.251.48.106,dominic_anthony@email.com
194.42.76.57,ahmed_shloime@email.com
166.88.81.157,adelynn_emilia@email.com
173.194.152.79,madelyn_alahia@email.com
64.47.118.97,gavriel_carter@email.com
38.69.248.93,reuven_ronaldo@email.com
68.232.199.28,randy_robert@email.com
193.107.205.186,penelope_selena@email.com
38.253.181.49,kalani_iker@email.com
5.252.53.179,anaya_hayden@email.com
185.99.23.69,adele_kailani@email.com
206.152.2.53,raizel_alani@email.com
173.194.105.125,cristopher_amelia@email.com
184.86.28.102,hafsa_laila@email.com
62.3.57.131,yakov_serenity@email.com
157.191.178.58,chesky_adriana@email.com
38.161.159.127,shreya_roger@email.com
34.114.80.55,brody_layla@email.com
192.173.91.14,nina_maria@email.com
